,symbol,beta,volAvg,mktCap,lastDiv,range,changes,companyName,currency,cik,isin,cusip,exchange,exchangeShortName,industry,website,description,ceo,sector,country,fullTimeEmployees,phone,address,city,state,zip,dcfDiff,dcf,image,ipoDate,defaultImage,isEtf,isActivelyTrading,price,changesPercentage,change,dayLow,dayHigh,yearHigh,yearLow,marketCap,priceAvg50,priceAvg200,volume,avgVolume,exchange,open,previousClose,eps,pe,earningsAnnouncement,sharesOutstanding,timestamp,held,totalheld,ratingdate,rating,ratingScore,ratingRecommendation,ratingDetailsDCFScore,ratingDetailsDCFRecommendation,ratingDetailsROEScore,ratingDetailsROERecommendation,ratingDetailsROAScore,ratingDetailsROARecommendation,ratingDetailsDEScore,ratingDetailsDERecommendation,ratingDetailsPEScore,ratingDetailsPERecommendation,ratingDetailsPBScore,ratingDetailsPBRecommendation
0,T,0.64871,42216590,213796880384,2.08,26.35-33.24,0.2,AT&T Inc,USD,0000732717,US00206R1023,00206R102,New York Stock Exchange,NYSE,Telecom Services,https://www.att.com/,"AT&T Inc. provides telecommunication, media, and technology services worldwide. The company operates through four segments: Communications, WarnerMedia, Latin America, and Xandr. The Communications segment provides wireless and wireline telecom, video, and broadband and Internet services; video entertainment services using satellite, IP-based, and streaming options; and audio programming services under the AT&T, Cricket, AT&T PREPAID, and DIRECTV brands to residential and business customers. This segment also sells handsets, wirelessly enabled computers, and wireless data cards manufactured by various suppliers for use with company's voice and data services, as well as various accessories, such as carrying cases and hands-free devices through the company-owned stores, agents, and third-party retail stores. The WarnerMedia segment primarily produces, distributes, and licenses television programming and feature films; distributes home entertainment products in physical and digital formats; and produces and distributes mobile and console games, and consumer products, as well as offers brand licensing services. It also operates cable networks, multichannel premium pay television, and over-the-top services; and digital media properties. The Latin America segment offers video entertainment and audio programming services under the DIRECTV and SKY brands primarily to residential customers; pay-TV services, including HD sports video content; and postpaid and prepaid wireless services under the AT&T and Unefon brands, as well as sells various handsets through company-owned stores, agents, and third-party retail stores. The Xandr segment provides digital and video advertising services. The company was formerly known as SBC Communications Inc. and changed its name to AT&T Inc. in November 2005. AT&T Inc. was incorporated in 1983 and is based in Dallas, Texas.",Mr. Randall Stephenson,Communication Services,US,235000,12108214105,208 S Akard St,Dallas,TEXAS,75202,336.96,28.3708,https://financialmodelingprep.com/image-stock/T.png,1983-11-21,False,False,True,29.95,0.67,0.2,29.84,30.03,33.24,26.35,213796880384.0,29.835295,28.992628,26141637,42216590,NYSE,29.91,29.75,-0.75,,2021-04-22T12:30:00.000+0000,7138460113,1618636147,70,2096.5,2021-04-15,A,4,Buy,5,Strong Buy,3,Neutral,3,Neutral,5,Strong Buy,1,Strong Sell,5,Strong Buy
1,LI,0.0,17583516,17803403264,0.0,14.31-47.7,-0.4,Li Auto Inc.,USD,0001791706,US50202M1027,50202M102,Nasdaq Global Select,NASDAQ,Auto Manufacturers,http://www.lixiang.com,"Li Auto Inc., through its subsidiaries, designs, develops, manufactures, and sells smart electric sport utility vehicles (SUVs) in China. It offers Li ONE, a six-seat electric SUV that equipped with a range of extension system and smart vehicle solutions. The company was formerly known as Leading Ideal Inc. and changed its name to Li Auto Inc. in July 2020. Li Auto Inc. was founded in 2015 and is headquartered in Beijing, China.",Mr. Xiang  Li,Consumer Cyclical,CN,2628,86 10 6437 3861,11 Wenliang Street,Beijing,,,,0.0,https://financialmodelingprep.com/image-stock/LI.png,2020-07-10,False,False,True,19.28,-2.03,-0.4,18.9,19.48,47.7,14.31,17803403264.0,23.905,27.597883,11490376,17583516,NASDAQ,19.45,19.68,,,2017-02-06T20:00:00.000+0000,923413032,1618636148,20,385.6,2021-04-15,A+,4,Buy,5,Strong Buy,3,Neutral,3,Neutral,3,Neutral,5,Strong Buy,5,Strong Buy
2,LNC,2.2128,1651381,12479190016,2.04,26.97-67.37,0.82,Lincoln National Corp,USD,0000059558,US5341871094,534187109,New York Stock Exchange,NYSE,Insurance Life,https://www.lfg.com/public/individual,"Lincoln National Corporation, through its subsidiaries, operates multiple insurance and retirement businesses in the United States. It operates through four segments: Annuities, Retirement Plan Services, Life Insurance, and Group Protection. The Annuities segment offers variable, fixed, and indexed variable annuities. The Retirement Plan Services segment provides employers with retirement plan products and services primarily in the defined contribution retirement plan marketplace. This segment offers individual and group variable annuities, group fixed annuities, and mutual fund-based programs; and a range of plan services, including plan recordkeeping, compliance testing, participant education, and trust and custodial services. The Life Insurance segment provides life insurance products, including term insurance, such as single and survivorship versions of universal life insurance; variable universal life insurance; indexed universal life insurance products; and critical illness and long-term care riders. The Group Protection segment offers group non-medical insurance products comprising short and long-term disability, statutory disability and paid family medical leave administration and absence management services, term life, dental, vision and accident, and critical illness benefits and services to the employer marketplace through various forms of employee-paid and employer-paid plans. The company distributes its products through consultants, brokers, planners, agents, financial advisors, third-party administrators, and other intermediaries. Lincoln National Corporation was founded in 1905 and is headquartered in Radnor, Pennsylvania.",Mr. Dennis Glass,Financial Services,US,11357,14845831400,150 N RADNOR CHESTER RD,Radnor,PENNSYLVANIA,19087,-65.54,47.2015,https://financialmodelingprep.com/image-stock/LNC.png,1969-08-20,False,False,True,65.01,1.28,0.82,64.61,65.76,67.37,26.97,12479190016.0,61.49059,49.543724,1298522,1651381,NYSE,65.0,64.19,2.56,25.394533,2021-05-05T20:00:00.000+0000,191958007,1618636148,10,650.1,2021-04-15,A+,4,Buy,5,Strong Buy,3,Neutral,3,Neutral,5,Strong Buy,5,Strong Buy,3,Neutral
3,ONTO,1.11761,400049,3459266560,0.0,28.08-72.55,-0.4,Onto Innovation Inc,USD,0000704532,US6833441057,683344105,New York Stock Exchange,NYSE,Semiconductors,http://www.nanometrics.com/,"Onto Innovation Inc. designs, develops, manufactures, and supports process control tools that performs macro-defect inspection and metrology, lithography systems, and process control analytical software used by semiconductor and advanced packaging device manufacturers worldwide. The company offers process and yield management solutions used in bare silicon wafer production and processing facilities, and device packaging and test facilities through standalone systems for macro-defect inspection, packaging lithography, probe card test and analysis, and transparent and opaque thin film measurements. It also provides spare parts and software licensing services. The company was formerly known as Rudolph Technologies, Inc. Onto Innovation Inc. was founded in 1940 and is headquartered in Wilmington, Massachusetts.",Mr. Michael Plisinski,Technology,US,1340,14085456000,16 Jonspin Rd,Wilmington,MASSACHUSETTS,01887,,38.4347,https://financialmodelingprep.com/image-stock/ONTO.jpg,1984-11-29,True,False,True,70.66,-0.56,-0.4,70.29,71.99,72.55,28.08,3459266560.0,64.53941,50.85095,244107,400049,NYSE,71.75,71.06,,,2021-04-29T20:00:00.000+0000,48956504,1618636149,10,706.5999999999999,2021-04-15,A+,4,Buy,5,Strong Buy,3,Neutral,3,Neutral,3,Neutral,5,Strong Buy,5,Strong Buy
4,UWMC,0.0,9235119,12022723584,0.1,7.24-14.38,-0.09,UWM Holdings Corporation Class,USD,0001783398,US91823B1098,91823B109,New York Stock Exchange,NYSE,Mortgage Finance,http://www.uwm.com,"UWM Holdings Corporation engages in the residential mortgage lending business in the United States. The company originates mortgage loans through wholesale channel. It originates primarily conforming and government loans. The company was founded in 1986 and is headquartered in Pontiac, Michigan.",Mr. Mathew R. Ishbia,Financial Services,US,7500,800-981-8898,585 South Boulevard East,Pontiac,MI,,,0.0,https://financialmodelingprep.com/image-stock/UWMC.png,2020-12-28,False,False,True,7.49,-1.19,-0.09,7.305,7.51,14.38,7.24,12022723584.0,8.23,9.920328,5384385,9235119,NYSE,7.5,7.58,,,2021-02-03T10:59:00.000+0000,1605170038,1618636150,100,749.0,2021-04-15,B+,4,Buy,5,Strong Buy,3,Neutral,3,Neutral,3,Neutral,1,Strong Sell,5,Strong Buy
5,ABBV,0.67286,7328227,190442799104,4.96,79.11-113.41,1.02,Abbvie Inc,USD,0001551152,US00287Y1091,00287Y109,New York Stock Exchange,NYSE,Drug Manufacturers General,https://www.abbvie.com/,"AbbVie Inc. discovers, develops, manufactures, and sells pharmaceuticals in the United States, Japan, Germany, Canada, France, Spain, Italy, the Netherlands, the United Kingdom, Brazil, and internationally. The company offers HUMIRA, a therapy administered as an injection for autoimmune and intestinal Behçet's diseases; SKYRIZI to treat moderate to severe plaque psoriasis in adults; RINVOQ, a JAK inhibitor for the treatment of moderate to severe active rheumatoid arthritis in adult patients; IMBRUVICA to treat adult patients with chronic lymphocytic leukemia (CLL), small lymphocytic lymphoma (SLL), mantle cell lymphoma, waldenström's macroglobulinemia, marginal zone lymphoma, and chronic graft versus host disease; VENCLEXTA, a BCL-2 inhibitor used to treat adults with CLL or SLL; VIEKIRA PAK, an interferon-free therapy to treat adults with genotype 1 chronic hepatitis C virus (HCV); TECHNIVIE to treat adults with genotype 4 HCV infection; and MAVYRET to treat patients with chronic HCV genotype 1-6 infection. It also provides SYNAGIS that protects at-risk infants from severe respiratory disease; KALETRA, a prescription anti-HIV-1 medicine; CREON, a pancreatic enzyme therapy for exocrine pancreatic insufficiency; Synthroid used in the treatment of hypothyroidism; AndroGel for males diagnosed with symptomatic low testosterone; and Lupron, a product for the palliative treatment of advanced prostate cancer, endometriosis and central precocious puberty, and patients with anemia caused by uterine fibroids. In addition, the company offers ORILISSA, a nonpeptide small molecule gonadotropin-releasing hormone antagonist; Duopa and Duodopa, a levodopa-carbidopa intestinal gel to treat Parkinson's disease; and Sevoflurane, an anesthesia product. It has collaborations with Calico Life Sciences LLC; Alector, Inc.; Janssen Biotech, Inc.; Jacobio Pharmaceuticals; I-Mab; and Genmab A/S. The company was incorporated in 2012 and is based in North Chicago, Illinois.",Mr. Richard Gonzalez,Healthcare,US,47000,18479327900,1 N Waukegan Rd,North Chicago,ILLINOIS,60064,45.83,109.793,https://financialmodelingprep.com/image-stock/ABBV.png,2013-01-02,False,False,True,107.91,0.95,1.02,107.14,108.5499,113.41,79.11,190442799104.0,106.67441,101.58825,7438191,7328227,NYSE,107.49,106.89,2.72,39.672794,2021-04-30T12:30:00.000+0000,1764829943,1618636150,10,1079.1,2021-04-15,S-,5,Strong Buy,5,Strong Buy,3,Neutral,3,Neutral,5,Strong Buy,5,Strong Buy,5,Strong Buy
6,ALL,0.70695,2110349,36701794304,2.43,84.97-122.71,0.61,Allstate Corp,USD,0000899051,US0200021014,020002101,New York Stock Exchange,NYSE,Insurance Property & Casualty,http://www.allstateinvestors.com/phoenix.zhtml?c=93125&p=irol-irhome,"The Allstate Corporation, through its subsidiaries, provides property and casualty, and other insurance products in the United States and Canada. The company operates through Allstate Protection, Service Businesses, Allstate Life, and Allstate Benefits segments. The Allstate Protection segment offers private passenger auto and homeowners insurance; specialty auto products, including motorcycle, trailer, motor home, and off-road vehicle insurance; other personal lines products, such as renter, condominium, landlord, boat, umbrella, and manufactured home and stand-alone scheduled personal property; liability insurance products; and commercial lines products under the Allstate, Esurance, and Encompass brand names. The Service Businesses segment provides consumer product protection plans; finance and insurance products, including vehicle service contracts, guaranteed asset protection waivers, road hazard tire and wheel, and paint less dent repair protection; roadside assistance; device and mobile data collection services; and analytic solutions using automotive telematics information and identity protection. This segment offers its products under various brands including Allstate Protection Plans, Allstate Dealer Services, Allstate Roadside Services, Arity, and Allstate Identity Protection. The Allstate Life Segment offers traditional, interest-sensitive, and variable life insurance products, as well as non-proprietary retirement product solutions offered by third-party providers. Its Allstate Benefits segment provides life, accident, critical illness, short-term disability, and other health insurance products. The company sells its products through direct contact centers, agencies, financial specialists, brokers, wholesale partners, and affinity groups, as well as through online and mobile applications. The Allstate Corporation was founded in 1931 and is based in Northbrook, Illinois.",Mr. Thomas Wilson,Financial Services,US,45780,18474025000,2775 Sanders Rd,Northbrook,ILLINOIS,60062-6127,,91.7735,https://financialmodelingprep.com/image-stock/ALL.png,1993-06-03,False,False,True,122.2,0.5,0.61,121.75,122.71,122.71,84.97,36701794304.0,114.83206,104.98022,1856228,2110349,NYSE,122.0,121.59,17.31,7.059503,2021-05-05T20:00:00.000+0000,300342016,1618636151,10,1222.0,2021-04-15,S-,5,Strong Buy,5,Strong Buy,4,Buy,3,Neutral,5,Strong Buy,4,Buy,5,Strong Buy
7,GOLD,0.22844,19027636,39596077056,0.33,18.64-31.22,0.25,Barrick Gold Corp,USD,0001206942,CA0679011084,067901108,New York Stock Exchange,NYSE,Gold,https://www.barrick.com,"Barrick Gold Corporation engages in the exploration, mine development, production, and sale of gold and copper properties. It has ownership interests in producing gold mines that are located in Argentina, Canada, Côte d'Ivoire, the Democratic Republic of Congo, the Dominican Republic, Mali, Papua New Guinea, Tanzania, and the United States. The company also has ownership interests in producing copper mines located in Chile, Saudi Arabia, and Zambia; and various other projects located throughout the Americas. Barrick Gold Corporation was founded in 1983 and is headquartered in Toronto, Canada.",Mr. Mark Bristow,Basic Materials,CA,22100,14163077470,"Canada Trust Tower, 161 Bay St Suite 3700",TORONTO,ONTARIO,M5J 2S1,,28.6767,https://financialmodelingprep.com/image-stock/GOLD.png,1983-05-02,False,False,True,22.23,1.14,0.25,22.02,22.43,31.22,18.64,39596077056.0,20.334412,23.377518,22098761,19027636,NYSE,22.38,21.98,1.307,17.008415,2021-05-05T12:30:00.000+0000,1781200048,1618636151,100,2223.0,2021-04-15,A+,5,Strong Buy,5,Strong Buy,3,Neutral,3,Neutral,4,Buy,5,Strong Buy,5,Strong Buy
8,BEAM,0.0,1131252,4480226304,0.0,14.8-126.9,-1.09,Beam Therapeutics Inc,USD,0001745999,US07373V1052,07373V105,Nasdaq Global Select,NASDAQ,Biotechnology,https://beamtx.com/,"Beam Therapeutics Inc., a biotechnology company, engages in developing precision genetic medicines for patients suffering from serious diseases in the United States. The company is developing therapies for the development of sickle cell disease and beta-thalassemia; CAR-T cell therapies for pediatric T-cell acute lymphoblastic leukemia and pediatric acute myeloid leukemia; therapies for alpha-1 antitrypsin deficiency and glycogen storage disorder 1A; and therapies for ocular and central nervous system disorders. It has a research and clinical collaboration agreement with Magenta Therapeutics, Inc. Beam Therapeutics Inc. was founded in 2017 and is based in Cambridge, Massachusetts.",Mr. John M. Evans,Healthcare,US,166,18573278775,26 Landsdowne St,Cambridge,MASSACHUSETTS,02139,,,https://financialmodelingprep.com/image-stock/BEAM.png,2020-02-06,False,False,True,72.69,-1.48,-1.09,70.78,74.34,126.9,14.8,4480226304.0,82.86912,71.168465,588799,1131252,NASDAQ,73.26,73.78,-4.191,,2021-03-15T12:30:00.000+0000,61634699,1618636152,10,726.9,2021-04-15,B,3,Neutral,5,Strong Buy,1,Strong Sell,2,Sell,4,Buy,1,Strong Sell,5,Strong Buy
9,BNGO,0.0,37782813,1577227008,0.0,0.33-15.69,-0.45,Bionano Genomics Inc,USD,0001411690,US09075F1075,09075F107,Nasdaq Capital Market,NASDAQ,Diagnostics & Research,https://bionanogenomics.com/,"BioNano Genomics, Inc. is a life sciences instrumentation company, which focuses on genome analysis space. The company is headquartered in San Diego, California and currently employs 77 full-time employees. The firm develops and markets the Saphyr system. The Company’s products include Sequencing for Discovery Research and Cytogenetics. Sequencing alone, however, is significantly limited due to its inability to reveal structural variations. Cytogenetics provide a clinical diagnosis, cytogenetic tests detect known variations that are linked to specific diseases or therapeutic responses. Saphyr system is platform for ultra-sensitive and ultra-specific structural variation detection that enables researchers and clinicians to accelerate the search for new diagnostics and therapeutic targets and to streamline the study of changes in chromosomes, which is known as cytogenetics. Sequencing for Discovery Research is primarily used to find single nucleotide variations responsible for disease or therapeutic response.",DR. R. Erik Holmlin,Healthcare,US,97,18588887600,9540 Towne Centre Dr Ste 100,San Diego,CALIFORNIA,92121,,,https://financialmodelingprep.com/image-stock/BNGO.png,2018-08-01,False,False,True,5.66,-7.36,-0.45,5.38,5.78,15.69,0.33,1577227008.0,8.153529,5.011314,23011655,37782813,NASDAQ,5.64,6.11,-0.394,,2021-03-23T16:01:00.000+0000,278662016,1618636152,70,396.2,2021-04-15,B,3,Neutral,5,Strong Buy,1,Strong Sell,2,Sell,4,Buy,1,Strong Sell,5,Strong Buy
10,CTXS,0.16278,1302316,17276442624,1.42,111.26-173.56,1.67,Citrix Systems Inc,USD,0000877890,US1773761002,177376100,Nasdaq Global Select,NASDAQ,Software Application,https://www.citrix.com/,"Citrix Systems, Inc. provides workspace, networking, and professional services worldwide. The company offers workspace services, including Citrix Virtual Apps and Desktops; Citrix Content Collaboration, a cloud-based file sharing and storage solution, which provides enterprise-class data services on various corporate and personal mobile devices for businesses; Citrix Endpoint Management for mobility and device management capabilities; and Workspace Intelligence that customizes and streamlines user workflows, as well as microapp creation with low-code tooling, automates tasks and functions. It also provides networking products comprising Citrix ADC, an application delivery controller and load balancing solution for web, traditional and cloud-native applications; and Citrix SD-WAN, a WAN Edge solution that delivers flexible, automated, secure connectivity and performance for the workspace, as well as Citrix Analytics for security, performance, and operations. In addition, the company offers customer services, hardware maintenance, consulting, and product training and certification services. The company serves health care, financial services, technology, manufacturing, consumer, and government agencies. It markets and licenses its products through resellers, distributors, systems integrators, independent software vendors, original equipment manufacturers, and service providers. The company was formerly known as Citrus Systems, Inc. and changed its name to Citrix Systems, Inc. in March 2009. Citrix Systems, Inc. was founded in 1989 and is headquartered in Fort Lauderdale, Florida.",Mr. David Henshall,Technology,US,8400,19542673000,851 W Cypress Creek Rd,Fort Lauderdale,FLORIDA,33309,-40.26,140.388,https://financialmodelingprep.com/image-stock/CTXS.png,1995-12-01,False,False,True,140.5,1.2,1.67,138.66,141.065,173.56,111.26,17276442624.0,136.83324,131.3976,756559,1302316,NASDAQ,139.32,138.83,4.0,35.125,2021-04-29T12:30:00.000+0000,122964004,1618636153,10,1405.0,2021-04-16,S,5,Strong Buy,5,Strong Buy,5,Strong Buy,3,Neutral,5,Strong Buy,5,Strong Buy,5,Strong Buy
11,NIO,0.0,94970934,59134189568,0.0,2.91-66.99,0.43,NIO Inc,USD,0001736541,US62914V1061,62914V106,New York Stock Exchange,NYSE,Auto Manufacturers,http://www.nio.com/,"NIO Limited designs, manufactures, and sells electric vehicles in the People's Republic of China, Hong Kong, the United States, the United Kingdom, and Germany. The company offers five, six, and seven-seater electric SUVs. It is also involved in the provision of energy and service packages to its users; marketing, design, and technology development activities; manufacture of e-powertrains, battery packs, and components; and sales and after sales management activities. In addition, the company offers charging solutions, including Power Home, a home charging solution; Power Swap, a battery swapping service; Power Mobile, a mobile charging service through charging trucks; Public Charger, a public fast charging solution; and Power Express, a 24-hour on-demand pick-up and drop-off charging service. Further, it provides value-added services, such as statutory and third-party liability insurance, and vehicle damage insurance through third-party insurers; repair and routine maintenance services; courtesy car services during lengthy repairs and maintenance; and roadside assistance, as well as data packages. NIO Limited has a strategic collaboration with Mobileye N.V. for the development of automated and autonomous vehicles; and collaboration agreements with various manufacturers for the manufacture of ES8, a six or seven-seater high-performance electric SUV. The company was formerly known as NextEV Inc. and changed its name to NIO Limited in July 2017. NIO Limited was founded in 2014 and is headquartered in Shanghai, China.",Mr. Bin Li,Consumer Cyclical,CN,7442,862169083306,"Building 20, No. 56 Antuo Road, Jiading District",Shanghai,SHANGHAI,201804,,37.6051,https://financialmodelingprep.com/image-stock/NIO.png,2018-09-12,False,False,True,36.09,1.21,0.43,34.06,36.54,66.99,2.91,59134189568.0,40.41353,43.857445,82236800,94970934,NYSE,34.69,35.66,-0.725,,2021-03-01T13:30:00.000+0000,1638520077,1618636153,40,1443.6000000000001,2021-04-16,A-,4,Buy,5,Strong Buy,3,Neutral,3,Neutral,4,Buy,1,Strong Sell,5,Strong Buy
12,NVS,0.517296,2004857,198795804672,3.378,77.04-98.52,0.82,Novartis AG,USD,0001114448,US66987V1098,66987V109,New York Stock Exchange,NYSE,Drug Manufacturers General,http://www.novartis.com,"Novartis AG researches, develops, manufactures, and markets healthcare products worldwide. Its Innovative Medicines segment offers prescription medicines for patients and healthcare providers. It also provides ophthalmology, neuroscience, immunology, hepatology and dermatology, respiratory, cardio-metabolic, established, and cardiovascular, renal and metabolism medicine products. The company's Sandoz segment provides active ingredients and finished dosage forms of small molecule pharmaceuticals to third parties across a range of therapeutic areas, as well as finished dosage form anti-infectives. It also provides active pharmaceutical ingredients and intermediates primarily antibiotics; protein- or other biotechnology-based products, including biosimilars; and biotechnology manufacturing services. Novartis AG has collaboration agreements with Pear Therapeutics; Wyss Institute for Biologically Inspired Engineering at Harvard University and the Dana-Farber Cancer Institute; Science 37; Bill & Melinda Gates Foundation; Amgen; University of California, Berkeley; Bristol-Myers Squibb; Drugs for Neglected Diseases initiative (DNDi); TScan Therapeutics; Dyno Therapeutics Inc.; and Olema Oncology. The company was founded in 1895 and is headquartered in Basel, Switzerland.",Joseph Jimenez,Healthcare,CH,110000,41 61 324 1111,Lichtstrasse 35,Basel,,4056,,0.0,https://financialmodelingprep.com/image-stock/NVS.png,2001-09-05,False,False,True,88.02,0.94,0.82,87.2,88.07,98.52,77.04,198795804672.0,86.079414,88.38628,1881982,2004857,NYSE,87.44,87.2,3.52,25.00568,,2258529933,1618636154,11,968.2199999999999,2021-04-16,A+,5,Strong Buy,5,Strong Buy,3,Neutral,3,Neutral,4,Buy,5,Strong Buy,5,Strong Buy
13,PCAR,1.12253,2003491,32950054912,1.9800000000000002,64.25-103.19,-0.11,Paccar Inc,USD,0000075362,US6937181088,693718108,Nasdaq Global Select,NASDAQ,Farm & Heavy Construction Machinery,http://www.paccar.com/,"PACCAR Inc designs, manufactures, and distributes light, medium, and heavy-duty commercial trucks in the United States, Europe, and internationally. The company operates in three segments: Truck, Parts, and Financial Services. The Truck segment designs, manufactures, and distributes trucks that are used for the over-the-road and off-highway hauling of commercial and consumer goods. It sells its trucks through a network of independent dealers under the Kenworth, Peterbilt, and DAF nameplates. The Parts segment distributes aftermarket parts for trucks and related commercial vehicles. The Financial Services segment conducts full service leasing operations under the PacLease trade name. It also provides equipment financing and administrative support services for its franchisees; retail loan and leasing services for small, medium, and large commercial trucking companies, as well as independent owner/operators and other businesses; and truck inventory financing services to independent dealers. In addition, this segment offers loans and leases directly to customers for the acquisition of trucks and related equipment. The company also manufactures and markets industrial winches under the Braden, Carco, and Gearmatic nameplates. PACCAR Inc was founded in 1905 and is headquartered in Bellevue, Washington.",Mr. R. Preston Feight,Industrials,US,27000,14254687525,"Paccar Building, 777 106Th Avenue Ne",Bellevue,WASHINGTON,98004,6.29,91.3929,https://financialmodelingprep.com/image-stock/PCAR.png,1980-03-17,False,False,True,94.92,-0.12,-0.11,93.99,95.82,103.19,64.25,32950054912.0,94.09147,90.97898,1183938,2003491,NASDAQ,95.04,95.03,3.74,25.379679,2021-04-27T12:30:00.000+0000,347135008,1618636154,10,949.2,2021-04-16,A+,5,Strong Buy,5,Strong Buy,3,Neutral,3,Neutral,4,Buy,5,Strong Buy,5,Strong Buy
14,PLTR,0.0,88625378,40946405376,0.0,8.9-45.0,-0.68,Palantir Technologies Inc.,USD,0001321655,US69608A1088,69608A108,New York Stock Exchange,NYSE,Software—Infrastructure,http://www.palantir.com,"Palantir Technologies Inc. builds and deploys software platforms for the intelligence community in the United States to assist in counterterrorism investigations and operations. It offers Palantir Gotham, a software platform for government operatives in the defense and intelligence sectors, which enables users to identify patterns hidden deep within datasets, ranging from signals intelligence sources to reports from confidential informants, as well as facilitates the handoff between analysts and operational users, helping operators plan and execute real-world responses to threats that have been identified within the platform. The company also provides Palantir Foundry, a platform that transforms the ways organizations operate by creating a central operating system for their data; and allows individual users to integrate and analyze the data they need in one place. Palantir Technologies Inc. was founded in 2003 and is headquartered in Denver, Colorado.",Industrials,Technology,US,2464,720 358 3679,1555 Blake Street,Denver,CO,80202,,0.0,https://financialmodelingprep.com/image-stock/PLTR.png,2020-09-23,False,False,True,22.47,-2.94,-0.68,22.3,23.26,45.0,8.9,40946405376.0,23.937353,22.52228,46004803,88625378,NYSE,22.86,23.15,,,,1822269932,1618636155,36,808.92,2021-04-15,A-,4,Buy,5,Strong Buy,3,Neutral,3,Neutral,4,Buy,1,Strong Sell,5,Strong Buy
15,PYPL,1.07513,9769313,316897525760,0.0,107.41-309.14,-4.13,PayPal Holdings Inc,USD,0001633917,US70450Y1038,70450Y103,Nasdaq Global Select,NASDAQ,Credit Services,https://www.paypal.com/,"PayPal Holdings, Inc. operates as a technology platform and digital payments company that enables digital and mobile payments on behalf of consumers and merchants worldwide. Its payment solutions include PayPal, PayPal Credit, Braintree, Venmo, Xoom, and iZettle products. The company's payments platform allows consumers to send and receive payments, withdraw funds to their bank accounts, and hold balances in their PayPal accounts in various currencies. It also offers gateway services that enable merchants to accept payments online with credit or debit cards, as well as digital wallets. PayPal Holdings, Inc. was founded in 1998 and is headquartered in San Jose, California.",Mr. Daniel Schulman,Financial Services,US,23200,14089671000,2211 N 1st St,San Jose,CALIFORNIA,95131,-78.95,219.256,https://financialmodelingprep.com/image-stock/PYPL.png,2015-07-06,False,False,True,269.87,-1.51,-4.13,268.59,274.15,309.14,107.41,316897525760.0,250.51279,231.2404,5541734,9769313,NASDAQ,273.16,274.0,3.54,76.23446,2021-05-05T23:00:00.000+0000,1174259924,1618636155,4,1079.48,2021-04-15,S-,5,Strong Buy,5,Strong Buy,3,Neutral,3,Neutral,5,Strong Buy,5,Strong Buy,5,Strong Buy
16,PENN,2.67525,5107390,15639211008,0.0,12.96-142.0,-0.78,Penn National Gaming Inc,USD,0000921738,US7075691094,707569109,Nasdaq Global Select,NASDAQ,Resorts & Casinos,http://www.pngaming.com,"Penn National Gaming, Inc., together with its subsidiaries, owns and manages gaming and racing properties, and operates video gaming terminals with a focus on slot machine entertainment. The company operates through four segments: Northeast, South, West, and Midwest. It also offers live sports betting at its properties in Indiana, Iowa, Mississippi, Nevada, Pennsylvania, and West Virginia; and operates online casino under the name of iCasino in Pennsylvania. As of March 16, 2020, the company owned, managed, or had ownership interests in 41 gaming and racing properties in 19 jurisdictions. It owns various trademarks and service marks, including, Ameristar, Argosy, Boomtown, Greektown, Hollywood Casino, Hollywood Gaming, Hollywood Poker, L'Auberge, M Resort, and MYCHOICE. The company was formerly known as PNRC Corp. and changed its name to Penn National Gaming, Inc. in 1994. Penn National Gaming, Inc. was founded in 1972 and is based in Wyomissing, Pennsylvania.",Mr. Jay Snowden,Consumer Cyclical,US,28300,16103732400,825 Berkshire Blvd Ste 200,Reading,PENNSYLVANIA,19610,,66.8431,https://financialmodelingprep.com/image-stock/PENN.png,1994-05-26,False,False,True,99.94,-0.77,-0.78,99.72,102.32,142.0,12.96,15639211008.0,112.18,91.26226,2719117,5107390,NASDAQ,99.73,100.72,-5.0,,2021-05-06T07:00:00.000+0000,156486002,1618636156,8,799.52,2021-04-16,S-,5,Strong Buy,5,Strong Buy,3,Neutral,3,Neutral,5,Strong Buy,5,Strong Buy,5,Strong Buy
17,PWOD,0.59489,18152,165268144,1.28,19.5-28.42,-0.47,Penns Woods Bancorp Inc,USD,0000716605,US7084301032,708430103,Nasdaq Global Select,NASDAQ,Banks Regional,https://www.pwod.com/,"Penns Woods Bancorp, Inc. operates as the holding bank of Jersey Shore State Bank and Luzerne Bank. The company is headquartered in Jersey Shore, Pennsylvania and currently employs 0 full-time employees. The firm operates through its subsidiaries: Jersey Shore State Bank (JSSB) and Luzerne Bank (Luzerne) (collectively known as the Banks); Woods Real Estate Development Company, Inc.; Woods Investment Company, Inc., and The M Group, a subsidiary of JSSB. The firm is engaged in managing and supervising the Banks. The firm operates in Community Banking segment. The Banks are engaged in a full-service commercial banking business, making available to the community a range of financial services, including installment loans, credit cards, mortgage and home equity loans, lines of credit, construction financing, farm loans, community development loans, loans to non-profit entities and local government, and various demand and time deposits, including checking accounts, savings accounts, money market deposit accounts, certificates of deposit and individual retirement arrangements (IRAs).",Mr. Richard Grafmyre,Financial Services,US,334,15703221111,115 S Main St,Jersey Shore,PENNSYLVANIA,17703-0967,-42.55,27.8307,https://financialmodelingprep.com/image-stock/PWOD.jpg,1993-10-27,True,False,True,23.42,-1.97,-0.47,23.42,24.1099,28.42,19.5,165268144.0,25.09647,24.0527,27825,18152,NASDAQ,24.02,23.89,2.159,10.847615,2021-01-29T14:34:17.000+0000,7056710,1618636157,45,1053.9,2021-04-15,S-,5,Strong Buy,5,Strong Buy,3,Neutral,3,Neutral,5,Strong Buy,5,Strong Buy,5,Strong Buy
18,RPTX,0.0,155231,1245600896,0.0,21.45-46.44,-0.37,Repare Therapeutics Inc.,USD,0001808158,US7602731025,760273102,Nasdaq Global Select,NASDAQ,Biotechnology,,"Repare Therapeutics Inc., a precision oncology company, discovers and develops novel therapeutics by using its synthetic lethality approach in Canada. The company use its SNIPRx, a proprietary, genome-wide, and CRISPR-enabled platform to systematically discover and develop highly targeted cancer therapies focused on genomic instability, including DNA damage repair. Its lead product candidate is RP-3500, an oral small molecule inhibitor for the treatment of solid tumors with specific DNA damage repair-related genomic alterations. It is also developing CCNE1-SL inhibitor, a proprietary drug discovery program for tumors with amplification of CCNE1; and Polymerase Theta program, a SL target associated with BRCA mutations and other genomic alterations. The company was founded in 2016 and is headquartered in Montréal, Canada.",,Healthcare,CA,79,857 412 7018,7210 Frederick-Banting,Montreal,QC,,,,https://financialmodelingprep.com/image-stock/RPTX.png,2020-06-19,False,False,True,33.68,-1.09,-0.37,33.14,33.9,46.44,21.45,1245600896.0,29.960588,31.864088,51206,155231,NASDAQ,33.79,34.05,,,2021-03-04T21:00:00.000+0000,36983400,1618636157,10,336.8,2021-04-15,B+,4,Buy,5,Strong Buy,3,Neutral,3,Neutral,3,Neutral,1,Strong Sell,5,Strong Buy
19,RKT,0.0,23867904,43896037376,1.11,17.5-43.0,-0.64,"Rocket Companies, Inc.",USD,0001805284,US77311W1018,77311W101,New York Stock Exchange,NYSE,Mortgage Finance,http://www.rocketcompanies.com,"Rocket Companies, Inc. engages in the mortgage business in the United States. It is involved in originating, processing, underwriting, and servicing predominantly government sponsored enterprises-conforming mortgage loans, as well as Fair Housing Act, U.S. Department of Agriculture, and U.S. Department of Veteran's Affairs mortgage loans. The company offers its mortgage loans in 50 states through the internet, national television, and other marketing channels. It also offers title insurance, property valuation, and settlement services; online marketing and lead generation services; online-based personal loans; and car sales support services to car rental and online car purchasing platforms. The company also operates a digital platform for buying and selling homes; a sales and support platform that offers in inbound and outbound contact center services; and a loan origination platform. Rocket Companies, Inc. was founded in in 1985 and is headquartered in Detroit, Michigan. Rocket Companies, Inc. is a subsidiary of Rock Holdings, Inc.",Mr. Jay D. Farner,Financial Services,US,22000,313 373 7990,1050 Woodward Avenue,Detroit,MI,,,,https://financialmodelingprep.com/image-stock/RKT.png,2020-08-06,False,False,True,22.12,-2.81,-0.64,22.0,22.6799,43.0,17.5,43896037376.0,24.32059,21.753723,6491321,23867904,NYSE,22.55,22.76,,,2021-02-25T21:00:00.000+0000,1984450153,1618636158,25,553.0,2021-04-15,S-,5,Strong Buy,5,Strong Buy,4,Buy,3,Neutral,5,Strong Buy,4,Buy,5,Strong Buy
20,TER,1.3103,2220090,21566834688,0.4,56.42-147.9,-1.71,Teradyne Inc,USD,0000097210,US8807701029,880770102,Nasdaq Global Select,NASDAQ,Semiconductor Equipment & Materials,http://www.teradyne.com,"Teradyne, Inc. designs, develops, manufactures, sells, and supports automatic test equipment worldwide. The company operates through Semiconductor Test, System Test, Industrial Automation, and Wireless Test segments. The Semiconductor Test segment offers products and services for wafer level and device package testing in automotive, industrial, communications, consumer, computer and electronic game, and other applications. This segment also provides FLEX test platform systems; J750 test system to address the highest volume semiconductor devices; Magnum platform that tests memory devices, such as flash memory and DRAM; and ETS platform for semiconductor manufacturers, and assembly and test subcontractors in the analog/mixed signal markets. It serves integrated device manufacturers that integrate the fabrication of silicon wafers into their business; fabless companies that outsource the manufacturing of silicon wafers; foundries; and outsourced semiconductor assembly and test providers. The System Test segment offers defense/aerospace test instrumentation and systems; storage test systems; and circuit-board test and inspection systems. The Industrial Automation segment provides collaborative, autonomous mobile, and advanced robotic control software for manufacturing and light industrial customers. The Wireless Test segment provides test solutions for use in the development and manufacture of wireless devices, smart phones, tablets, notebooks, laptops, peripherals, and Internet-of-Things devices under the LitePoint brand name. This segment also offers IQxel products for Wi-Fi and other standards; IQxstream solution for testing GSM, EDGE, CDMA2000, TD-SCDMA, WCDMA, HSPA+, LTE-FDD, TD_LTE, LTE-A, and 5G technologies; IQcell, a multi-device cellular signaling test solution; IQgig test solution; and turnkey test software for wireless chipsets. The company was founded in 1960 and is headquartered in North Reading, Massachusetts.",Mr. Mark Jagiela,Technology,US,5500,19783702700,600 Riverpark Dr,North Reading,MASSACHUSETTS,01864,,96.3825,https://financialmodelingprep.com/image-stock/TER.png,1979-05-15,False,False,True,129.48,-1.3,-1.71,129.35,132.42,147.9,56.42,21566834688.0,120.80941,114.39927,1501358,2220090,NASDAQ,131.55,131.19,4.28,30.252335,2021-01-27T17:02:00.000+0000,166564988,1618636158,8,1035.84,2021-04-16,A+,5,Strong Buy,5,Strong Buy,3,Neutral,3,Neutral,4,Buy,5,Strong Buy,5,Strong Buy
21,VZ,0.3707,20008127,241279188992,2.4989999999999997,52.85-61.95,0.58,Verizon Communications Inc,USD,0000732712,US92343V1044,92343V104,New York Stock Exchange,NYSE,Telecom Services,https://www.verizon.com/,"Verizon Communications Inc. offers communications, information, and entertainment products and services to consumers, businesses, and governmental entities worldwide. Its Consumer segment provides postpaid and prepaid service plans; Internet access on notebook computers and tablets; wireless equipment, including smartphones and other handsets; and wireless-enabled Internet devices, such as tablets, laptop computers and netbooks, and other wireless-enabled connected devices, such as smart watches and other wearables. It also provides residential fixed connectivity solutions, including Internet, video, and voice services; and sells network access to mobile virtual network operators. As of December 31, 2019, it had approximately 95 million wireless retail connections, 6 million broadband connections, and 4 million Fios video connections. The company's Business segment provides network connectivity products, including private networking, private cloud connectivity, virtual and software defined networking, and Internet access services; and Internet protocol-based voice services, unified communications and collaboration tools, and customer contact center solutions. It also offers a suite of management and data security services; domestic and global voice and data solutions, including voice calling, messaging services, conferencing, contact center solutions, and private line and data access networks; customer premises equipment; installation, maintenance, and site services; and IoT products and services. This segment had 25 million wireless retail postpaid connections and 489 thousand broadband connections. The company has strategic partnership with HERE Technologies and Dignitas; and Emory Healthcare to develop and test 5G Ultra Wideband-enabled use cases. The company was formerly known as Bell Atlantic Corporation and changed its name to Verizon Communications Inc. in June 2000. Verizon Communications Inc. was founded in 1983 and is headquartered in New York, New York.",Mr. Hans Vestberg,Communication Services,US,133200,12123951000,1095 Avenue of the Americas,New York City,NEW YORK,10036,338.51,57.3766,https://financialmodelingprep.com/image-stock/VZ.png,1984-02-15,False,False,True,58.28,1.01,0.58,57.8,58.48,61.95,52.85,241279188992.0,56.917057,57.97905,19866192,20008127,NYSE,58.07,57.7,4.3,13.553488,2021-04-21T07:30:00.000+0000,4139999811,1618636159,40,2331.2,2021-04-15,A+,5,Strong Buy,5,Strong Buy,3,Neutral,3,Neutral,4,Buy,5,Strong Buy,5,Strong Buy
